DATE ADDED TO CATALOG	PUBMEDID	FIRST AUTHOR	DATE	JOURNAL	LINK	STUDY	DISEASE/TRAIT	INITIAL SAMPLE SIZE	REPLICATION SAMPLE SIZE	REGION	CHR_ID	CHR_POS	REPORTED GENE(S)	MAPPED_GENE	UPSTREAM_GENE_ID	DOWNSTREAM_GENE_ID	SNP_GENE_IDS	UPSTREAM_GENE_DISTANCE	DOWNSTREAM_GENE_DISTANCE	STRONGEST SNP-RISK ALLELE	SNPS	MERGED	SNP_ID_CURRENT	CONTEXT	INTERGENIC	RISK ALLELE FREQUENCY	P-VALUE	PVALUE_MLOG	P-VALUE (TEXT)	OR or BETA	95% CI (TEXT)	PLATFORM [SNPS PASSING QC]	CNV	MAPPED_TRAIT	MAPPED_TRAIT_URI	STUDY ACCESSION	GENOTYPING TECHNOLOGY
2015-04-16	25056061	Ripke S	2014-07-22	Nature	www.ncbi.nlm.nih.gov/pubmed/25056061	Biological insights from 108 schizophrenia-associated genetic loci.	Schizophrenia	32,405 European ancestry cases, 42,221 European ancestry controls, 1,235 European ancestry cases and 1,235 European ancestry controls from 1235 parent-offspring trios, 1,836 East Asian ancestry cases, 3,383 East Asian ancestry controls	1,513 European ancestry cases, 66,236 European ancestry controls	1p36.32	1	2455662	PLCH2	PLCH2			9651			rs4648845-T	rs4648845	0	4648845	intron_variant	0	0.527	9E-10	9.045757490560675		1.072	[1.049-1.097]	Affymetrix, Illumina [9005918] (imputed)	N	schizophrenia	http://www.ebi.ac.uk/efo/EFO_0000692	GCST002539	Genome-wide genotyping array
2015-04-16	25056061	Ripke S	2014-07-22	Nature	www.ncbi.nlm.nih.gov/pubmed/25056061	Biological insights from 108 schizophrenia-associated genetic loci.	Schizophrenia	32,405 European ancestry cases, 42,221 European ancestry controls, 1,235 European ancestry cases and 1,235 European ancestry controls from 1235 parent-offspring trios, 1,836 East Asian ancestry cases, 3,383 East Asian ancestry controls	1,513 European ancestry cases, 66,236 European ancestry controls	1p35.2	1	29961104	intergenic	LOC107984934 - LOC101929406	107984934	101929406		271807	52848	rs1498232-T	rs1498232	0	1498232	intergenic_variant	1	0.296	3E-9	8.522878745280337		1.069	[1.046-1.093]	Affymetrix, Illumina [9005918] (imputed)	N	schizophrenia	http://www.ebi.ac.uk/efo/EFO_0000692	GCST002539	Genome-wide genotyping array
2015-04-16	25056061	Ripke S	2014-07-22	Nature	www.ncbi.nlm.nih.gov/pubmed/25056061	Biological insights from 108 schizophrenia-associated genetic loci.	Schizophrenia	32,405 European ancestry cases, 42,221 European ancestry controls, 1,235 European ancestry cases and 1,235 European ancestry controls from 1235 parent-offspring trios, 1,836 East Asian ancestry cases, 3,383 East Asian ancestry controls	1,513 European ancestry cases, 66,236 European ancestry controls	1p34.2	1	43634413	KDM4A, PTPRF	PTPRF - KDM4A	5792	9682		10741	15705	rs11210892-A	rs11210892	0	11210892	intergenic_variant	1	0.323	3E-10	9.522878745280337		1.0706638	[1.05-1.09]	Affymetrix, Illumina [9005918] (imputed)	N	schizophrenia	http://www.ebi.ac.uk/efo/EFO_0000692	GCST002539	Genome-wide genotyping array
2015-04-16	25056061	Ripke S	2014-07-22	Nature	www.ncbi.nlm.nih.gov/pubmed/25056061	Biological insights from 108 schizophrenia-associated genetic loci.	Schizophrenia	32,405 European ancestry cases, 42,221 European ancestry controls, 1,235 European ancestry cases and 1,235 European ancestry controls from 1235 parent-offspring trios, 1,836 East Asian ancestry cases, 3,383 East Asian ancestry controls	1,513 European ancestry cases, 66,236 European ancestry controls	1p31.1	1	73302683	LRRIQ3	LOC105378800			105378800			rs12129573-A	rs12129573	0	12129573	upstream_gene_variant	0	0.358	2E-12	11.698970004336019		1.078	[1.056-1.101]	Affymetrix, Illumina [9005918] (imputed)	N	schizophrenia	http://www.ebi.ac.uk/efo/EFO_0000692	GCST002539	Genome-wide genotyping array
2015-04-16	25056061	Ripke S	2014-07-22	Nature	www.ncbi.nlm.nih.gov/pubmed/25056061	Biological insights from 108 schizophrenia-associated genetic loci.	Schizophrenia	32,405 European ancestry cases, 42,221 European ancestry controls, 1,235 European ancestry cases and 1,235 European ancestry controls from 1235 parent-offspring trios, 1,836 East Asian ancestry cases, 3,383 East Asian ancestry controls	1,513 European ancestry cases, 66,236 European ancestry controls	1p21.3	1	98036428	DPYD, MIR137	MIR137HG			400765			rs1702294-C	rs1702294	0	1702294	intron_variant	0	0.809	3E-19	18.522878745280337		1.1273957	[1.1-1.16]	Affymetrix, Illumina [9005918] (imputed)	N	schizophrenia	http://www.ebi.ac.uk/efo/EFO_0000692	GCST002539	Genome-wide genotyping array
2015-04-16	25056061	Ripke S	2014-07-22	Nature	www.ncbi.nlm.nih.gov/pubmed/25056061	Biological insights from 108 schizophrenia-associated genetic loci.	Schizophrenia	32,405 European ancestry cases, 42,221 European ancestry controls, 1,235 European ancestry cases and 1,235 European ancestry controls from 1235 parent-offspring trios, 1,836 East Asian ancestry cases, 3,383 East Asian ancestry controls	1,513 European ancestry cases, 66,236 European ancestry controls	1q21.2	1	150059494	ANP32E, APH1A, C1orf51, C1orf54, CA14, OTUD7B, PLEKHO1, VPS45	LOC105371427			105371427			rs140505938-T	rs140505938	0	140505938	intron_variant	0	0.836	4E-10	9.397940008672037		1.0940919	[1.06-1.13]	Affymetrix, Illumina [9005918] (imputed)	N	schizophrenia	http://www.ebi.ac.uk/efo/EFO_0000692	GCST002539	Genome-wide genotyping array
2015-04-16	25056061	Ripke S	2014-07-22	Nature	www.ncbi.nlm.nih.gov/pubmed/25056061	Biological insights from 108 schizophrenia-associated genetic loci.	Schizophrenia	32,405 European ancestry cases, 42,221 European ancestry controls, 1,235 European ancestry cases and 1,235 European ancestry controls from 1235 parent-offspring trios, 1,836 East Asian ancestry cases, 3,383 East Asian ancestry controls	1,513 European ancestry cases, 66,236 European ancestry controls	1q25.2	1	177310985	FAM5B	BRINP2 - LOC102724661	57795	102724661		28563	40601	rs6670165-T	rs6670165	0	6670165	intergenic_variant	1	0.184	4E-8	7.3979400086720375		1.075	[1.047-1.103]	Affymetrix, Illumina [9005918] (imputed)	N	schizophrenia	http://www.ebi.ac.uk/efo/EFO_0000692	GCST002539	Genome-wide genotyping array
2015-04-16	25056061	Ripke S	2014-07-22	Nature	www.ncbi.nlm.nih.gov/pubmed/25056061	Biological insights from 108 schizophrenia-associated genetic loci.	Schizophrenia	32,405 European ancestry cases, 42,221 European ancestry controls, 1,235 European ancestry cases and 1,235 European ancestry controls from 1235 parent-offspring trios, 1,836 East Asian ancestry cases, 3,383 East Asian ancestry controls	1,513 European ancestry cases, 66,236 European ancestry controls	1q32.2	1	207803738	C1orf132, CD46, CR1L	C1orf132			100128537			rs7523273-A	rs7523273	0	7523273	non_coding_transcript_exon_variant	0	0.685	4E-8	7.3979400086720375		1.063	[1.040-1.087]	Affymetrix, Illumina [9005918] (imputed)	N	schizophrenia	http://www.ebi.ac.uk/efo/EFO_0000692	GCST002539	Genome-wide genotyping array
2015-04-16	25056061	Ripke S	2014-07-22	Nature	www.ncbi.nlm.nih.gov/pubmed/25056061	Biological insights from 108 schizophrenia-associated genetic loci.	Schizophrenia	32,405 European ancestry cases, 42,221 European ancestry controls, 1,235 European ancestry cases and 1,235 European ancestry controls from 1235 parent-offspring trios, 1,836 East Asian ancestry cases, 3,383 East Asian ancestry controls	1,513 European ancestry cases, 66,236 European ancestry controls	1q43	1	243391803	AKT3, SDCCAG8	SDCCAG8			10806			rs77149735-A	rs77149735	0	77149735	intron_variant	0	0.0191	4E-9	8.397940008672037		1.317	[1.202-1.444]	Affymetrix, Illumina [9005918] (imputed)	N	schizophrenia	http://www.ebi.ac.uk/efo/EFO_0000692	GCST002539	Genome-wide genotyping array
2015-04-16	25056061	Ripke S	2014-07-22	Nature	www.ncbi.nlm.nih.gov/pubmed/25056061	Biological insights from 108 schizophrenia-associated genetic loci.	Schizophrenia	32,405 European ancestry cases, 42,221 European ancestry controls, 1,235 European ancestry cases and 1,235 European ancestry controls from 1235 parent-offspring trios, 1,836 East Asian ancestry cases, 3,383 East Asian ancestry controls	1,513 European ancestry cases, 66,236 European ancestry controls	2p16.1	2	57760458	FANCL, VRK2	LOC105374697 - ACTG1P22	105374697	100131953		33549	4496	rs11682175-C	rs11682175	0	11682175	intron_variant	1	0.458	1E-11	11.0		1.0718113	[1.05-1.09]	Affymetrix, Illumina [9005918] (imputed)	N	schizophrenia	http://www.ebi.ac.uk/efo/EFO_0000692	GCST002539	Genome-wide genotyping array
2015-04-16	25056061	Ripke S	2014-07-22	Nature	www.ncbi.nlm.nih.gov/pubmed/25056061	Biological insights from 108 schizophrenia-associated genetic loci.	Schizophrenia	32,405 European ancestry cases, 42,221 European ancestry controls, 1,235 European ancestry cases and 1,235 European ancestry controls from 1235 parent-offspring trios, 1,836 East Asian ancestry cases, 3,383 East Asian ancestry controls	1,513 European ancestry cases, 66,236 European ancestry controls	2p13.2	2	72134376	CYP26B1	CYP26B1			56603			rs3768644-G	rs3768644	0	3768644	intron_variant	0	0.899	7E-9	8.154901959985743		1.1061947	[1.07-1.14]	Affymetrix, Illumina [9005918] (imputed)	N	schizophrenia	http://www.ebi.ac.uk/efo/EFO_0000692	GCST002539	Genome-wide genotyping array
2015-04-16	25056061	Ripke S	2014-07-22	Nature	www.ncbi.nlm.nih.gov/pubmed/25056061	Biological insights from 108 schizophrenia-associated genetic loci.	Schizophrenia	32,405 European ancestry cases, 42,221 European ancestry controls, 1,235 European ancestry cases and 1,235 European ancestry controls from 1235 parent-offspring trios, 1,836 East Asian ancestry cases, 3,383 East Asian ancestry controls	1,513 European ancestry cases, 66,236 European ancestry controls	2q24.2	2	161989345	DPP4, SLC4A10	SLC4A10 - DPP4	57282	1803		4069	2896	rs2909457-G	rs2909457	0	2909457	downstream_gene_variant	1	0.407	5E-8	7.301029995663981		1.059322	[1.04-1.08]	Affymetrix, Illumina [9005918] (imputed)	N	schizophrenia	http://www.ebi.ac.uk/efo/EFO_0000692	GCST002539	Genome-wide genotyping array
2015-04-16	25056061	Ripke S	2014-07-22	Nature	www.ncbi.nlm.nih.gov/pubmed/25056061	Biological insights from 108 schizophrenia-associated genetic loci.	Schizophrenia	32,405 European ancestry cases, 42,221 European ancestry controls, 1,235 European ancestry cases and 1,235 European ancestry controls from 1235 parent-offspring trios, 1,836 East Asian ancestry cases, 3,383 East Asian ancestry controls	1,513 European ancestry cases, 66,236 European ancestry controls	2q32.1	2	184736693	ZNF804A	ZNF804A			91752			rs11693094-C	rs11693094	0	11693094	intron_variant	0	0.542	2E-12	11.698970004336019		1.0764263	[1.05-1.1]	Affymetrix, Illumina [9005918] (imputed)	N	schizophrenia	http://www.ebi.ac.uk/efo/EFO_0000692	GCST002539	Genome-wide genotyping array
2015-04-16	25056061	Ripke S	2014-07-22	Nature	www.ncbi.nlm.nih.gov/pubmed/25056061	Biological insights from 108 schizophrenia-associated genetic loci.	Schizophrenia	32,405 European ancestry cases, 42,221 European ancestry controls, 1,235 European ancestry cases and 1,235 European ancestry controls from 1235 parent-offspring trios, 1,836 East Asian ancestry cases, 3,383 East Asian ancestry controls	1,513 European ancestry cases, 66,236 European ancestry controls	2q32.3	2	192983614	PCGEM1	PCGEM1 - LOC107985969	64002	107985969		206715	66769	rs59979824-C	rs59979824	0	59979824	intergenic_variant	1	0.663	8E-9	8.096910013008056		1.0672358	[1.04-1.09]	Affymetrix, Illumina [9005918] (imputed)	N	schizophrenia	http://www.ebi.ac.uk/efo/EFO_0000692	GCST002539	Genome-wide genotyping array
2015-04-16	25056061	Ripke S	2014-07-22	Nature	www.ncbi.nlm.nih.gov/pubmed/25056061	Biological insights from 108 schizophrenia-associated genetic loci.	Schizophrenia	32,405 European ancestry cases, 42,221 European ancestry controls, 1,235 European ancestry cases and 1,235 European ancestry controls from 1235 parent-offspring trios, 1,836 East Asian ancestry cases, 3,383 East Asian ancestry controls	1,513 European ancestry cases, 66,236 European ancestry controls	2q33.1	2	197439853	ANKRD44, BOLL, COQ10B, HSPD1, HSPE1, MARS2, PLCL1, RFTN2, SF3B1	SF3B1 - RNU6-1029P	23451	106480019		4760	7892	rs6434928-G	rs6434928	0	6434928	upstream_gene_variant	1	0.357	2E-11	10.698970004336019		1.0764263	[1.05-1.1]	Affymetrix, Illumina [9005918] (imputed)	N	schizophrenia	http://www.ebi.ac.uk/efo/EFO_0000692	GCST002539	Genome-wide genotyping array
2015-04-16	25056061	Ripke S	2014-07-22	Nature	www.ncbi.nlm.nih.gov/pubmed/25056061	Biological insights from 108 schizophrenia-associated genetic loci.	Schizophrenia	32,405 European ancestry cases, 42,221 European ancestry controls, 1,235 European ancestry cases and 1,235 European ancestry controls from 1235 parent-offspring trios, 1,836 East Asian ancestry cases, 3,383 East Asian ancestry controls	1,513 European ancestry cases, 66,236 European ancestry controls	2q33.1	2	199299529	SATB2	SATB2			23314			rs6704641-A	rs6704641	0	6704641	intron_variant	0	0.805	8E-9	8.096910013008056		1.081	[1.053-1.110]	Affymetrix, Illumina [9005918] (imputed)	N	schizophrenia	http://www.ebi.ac.uk/efo/EFO_0000692	GCST002539	Genome-wide genotyping array
2015-04-16	25056061	Ripke S	2014-07-22	Nature	www.ncbi.nlm.nih.gov/pubmed/25056061	Biological insights from 108 schizophrenia-associated genetic loci.	Schizophrenia	32,405 European ancestry cases, 42,221 European ancestry controls, 1,235 European ancestry cases and 1,235 European ancestry controls from 1235 parent-offspring trios, 1,836 East Asian ancestry cases, 3,383 East Asian ancestry controls	1,513 European ancestry cases, 66,236 European ancestry controls	2q36.2	2	224526579	CUL3	CUL3			8452			rs11685299-C	rs11685299	0	11685299	intron_variant	0	0.674	1E-8	8.0		1.0649627	[1.04-1.09]	Affymetrix, Illumina [9005918] (imputed)	N	schizophrenia	http://www.ebi.ac.uk/efo/EFO_0000692	GCST002539	Genome-wide genotyping array
2015-04-16	25056061	Ripke S	2014-07-22	Nature	www.ncbi.nlm.nih.gov/pubmed/25056061	Biological insights from 108 schizophrenia-associated genetic loci.	Schizophrenia	32,405 European ancestry cases, 42,221 European ancestry controls, 1,235 European ancestry cases and 1,235 European ancestry controls from 1235 parent-offspring trios, 1,836 East Asian ancestry cases, 3,383 East Asian ancestry controls	1,513 European ancestry cases, 66,236 European ancestry controls	2q37.1	2	232727791	C2orf82, EFHD1, GIGYF2, KCNJ13, NGEF	GIGYF2			26058			rs6704768-G	rs6704768	0	6704768	intron_variant	0	0.448	2E-12	11.698970004336019		1.0752687	[1.05-1.1]	Affymetrix, Illumina [9005918] (imputed)	N	schizophrenia	http://www.ebi.ac.uk/efo/EFO_0000692	GCST002539	Genome-wide genotyping array
2015-04-16	25056061	Ripke S	2014-07-22	Nature	www.ncbi.nlm.nih.gov/pubmed/25056061	Biological insights from 108 schizophrenia-associated genetic loci.	Schizophrenia	32,405 European ancestry cases, 42,221 European ancestry controls, 1,235 European ancestry cases and 1,235 European ancestry controls from 1235 parent-offspring trios, 1,836 East Asian ancestry cases, 3,383 East Asian ancestry controls	1,513 European ancestry cases, 66,236 European ancestry controls	3p26.3	3	2506102	CNTN4	CNTN4			152330			rs17194490-T	rs17194490	0	17194490	intron_variant	0	0.156	3E-11	10.522878745280337		1.101	[1.070-1.132]	Affymetrix, Illumina [9005918] (imputed)	N	schizophrenia	http://www.ebi.ac.uk/efo/EFO_0000692	GCST002539	Genome-wide genotyping array
2015-04-16	25056061	Ripke S	2014-07-22	Nature	www.ncbi.nlm.nih.gov/pubmed/25056061	Biological insights from 108 schizophrenia-associated genetic loci.	Schizophrenia	32,405 European ancestry cases, 42,221 European ancestry controls, 1,235 European ancestry cases and 1,235 European ancestry controls from 1235 parent-offspring trios, 1,836 East Asian ancestry cases, 3,383 East Asian ancestry controls	1,513 European ancestry cases, 66,236 European ancestry controls	3p24.3	3	17817874	TBC1D5	LOC105376975 - PP1P	105376975	151842		72212	53543	rs4330281-C	rs4330281	0	4330281	intron_variant	1	0.52	5E-9	8.301029995663981		1.0638298	[1.04-1.09]	Affymetrix, Illumina [9005918] (imputed)	N	schizophrenia	http://www.ebi.ac.uk/efo/EFO_0000692	GCST002539	Genome-wide genotyping array
2015-04-16	25056061	Ripke S	2014-07-22	Nature	www.ncbi.nlm.nih.gov/pubmed/25056061	Biological insights from 108 schizophrenia-associated genetic loci.	Schizophrenia	32,405 European ancestry cases, 42,221 European ancestry controls, 1,235 European ancestry cases and 1,235 European ancestry controls from 1235 parent-offspring trios, 1,836 East Asian ancestry cases, 3,383 East Asian ancestry controls	1,513 European ancestry cases, 66,236 European ancestry controls	3p22.2	3	36817092	TRANK1	LOC105377030 - LOC105377031	105377030	105377031		32807	2191	rs75968099-T	rs75968099	0	75968099	downstream_gene_variant	1	0.324	1E-13	13.0		1.085	[1.062-1.109]	Affymetrix, Illumina [9005918] (imputed)	N	schizophrenia	http://www.ebi.ac.uk/efo/EFO_0000692	GCST002539	Genome-wide genotyping array
2015-04-16	25056061	Ripke S	2014-07-22	Nature	www.ncbi.nlm.nih.gov/pubmed/25056061	Biological insights from 108 schizophrenia-associated genetic loci.	Schizophrenia	32,405 European ancestry cases, 42,221 European ancestry controls, 1,235 European ancestry cases and 1,235 European ancestry controls from 1235 parent-offspring trios, 1,836 East Asian ancestry cases, 3,383 East Asian ancestry controls	1,513 European ancestry cases, 66,236 European ancestry controls	3p21.1	3	52811089	GLT8D1, GNL3, ITIH1, ITIH3, ITIH4, MUSTN1, NEK4, NISCH, NT5DC2, PBRM1, SMIM4, SPCS1, STAB1, TMEM110, TMEM110-MUSTN1	ITIH3 - ITIH4	3699	3700		2080	1901	rs2535627-T	rs2535627	0	2535627	downstream_gene_variant	1	0.529	4E-11	10.397940008672037		1.071	[1.049-1.092]	Affymetrix, Illumina [9005918] (imputed)	N	schizophrenia	http://www.ebi.ac.uk/efo/EFO_0000692	GCST002539	Genome-wide genotyping array
2015-04-16	25056061	Ripke S	2014-07-22	Nature	www.ncbi.nlm.nih.gov/pubmed/25056061	Biological insights from 108 schizophrenia-associated genetic loci.	Schizophrenia	32,405 European ancestry cases, 42,221 European ancestry controls, 1,235 European ancestry cases and 1,235 European ancestry controls from 1235 parent-offspring trios, 1,836 East Asian ancestry cases, 3,383 East Asian ancestry controls	1,513 European ancestry cases, 66,236 European ancestry controls	3p14.1	3	63847374	ATXN7, C3orf49, PSMD6, THOC7	C3orf49, THOC7			132200, 80145			rs832187-C	rs832187	0	832187	intron_variant	0	0.385	1E-8	8.0		1.0626993	[1.04-1.08]	Affymetrix, Illumina [9005918] (imputed)	N	schizophrenia	http://www.ebi.ac.uk/efo/EFO_0000692	GCST002539	Genome-wide genotyping array
2015-04-16	25056061	Ripke S	2014-07-22	Nature	www.ncbi.nlm.nih.gov/pubmed/25056061	Biological insights from 108 schizophrenia-associated genetic loci.	Schizophrenia	32,405 European ancestry cases, 42,221 European ancestry controls, 1,235 European ancestry cases and 1,235 European ancestry controls from 1235 parent-offspring trios, 1,836 East Asian ancestry cases, 3,383 East Asian ancestry controls	1,513 European ancestry cases, 66,236 European ancestry controls	3q22.3	3	136569563	MSL2, NCK1, PCCB, PPP2R3A, SLC35G2, STAG1	STAG1			10274			rs7432375-G	rs7432375	0	7432375	intron_variant	0	0.551	7E-11	10.154901959985743		1.0718113	[1.05-1.09]	Affymetrix, Illumina [9005918] (imputed)	N	schizophrenia	http://www.ebi.ac.uk/efo/EFO_0000692	GCST002539	Genome-wide genotyping array
2015-04-16	25056061	Ripke S	2014-07-22	Nature	www.ncbi.nlm.nih.gov/pubmed/25056061	Biological insights from 108 schizophrenia-associated genetic loci.	Schizophrenia	32,405 European ancestry cases, 42,221 European ancestry controls, 1,235 European ancestry cases and 1,235 European ancestry controls from 1235 parent-offspring trios, 1,836 East Asian ancestry cases, 3,383 East Asian ancestry controls	1,513 European ancestry cases, 66,236 European ancestry controls	3q26.33	3	181449797	CCDC39, DNAJC19, FXR1	SOX2-OT			347689			rs9841616-T	rs9841616	0	9841616	intron_variant	0	0.833	2E-8	7.698970004336019		1.081081	[1.05-1.11]	Affymetrix, Illumina [9005918] (imputed)	N	schizophrenia	http://www.ebi.ac.uk/efo/EFO_0000692	GCST002539	Genome-wide genotyping array
2015-04-16	25056061	Ripke S	2014-07-22	Nature	www.ncbi.nlm.nih.gov/pubmed/25056061	Biological insights from 108 schizophrenia-associated genetic loci.	Schizophrenia	32,405 European ancestry cases, 42,221 European ancestry controls, 1,235 European ancestry cases and 1,235 European ancestry controls from 1235 parent-offspring trios, 1,836 East Asian ancestry cases, 3,383 East Asian ancestry controls	1,513 European ancestry cases, 66,236 European ancestry controls	4p15.2	4	23421980	MIR548AJ2	LOC105374524			105374524			rs215411-A	rs215411	0	215411	intergenic_variant	0	0.314	3E-8	7.522878745280337		1.064	[1.041-1.087]	Affymetrix, Illumina [9005918] (imputed)	N	schizophrenia	http://www.ebi.ac.uk/efo/EFO_0000692	GCST002539	Genome-wide genotyping array
2015-04-16	25056061	Ripke S	2014-07-22	Nature	www.ncbi.nlm.nih.gov/pubmed/25056061	Biological insights from 108 schizophrenia-associated genetic loci.	Schizophrenia	32,405 European ancestry cases, 42,221 European ancestry controls, 1,235 European ancestry cases and 1,235 European ancestry controls from 1235 parent-offspring trios, 1,836 East Asian ancestry cases, 3,383 East Asian ancestry controls	1,513 European ancestry cases, 66,236 European ancestry controls	4q24	4	102225733	SLC39A8	BANK1 - SLC39A8	55024	64116		150921	25308	rs35518360-T	rs35518360	0	35518360	intergenic_variant	1	0.078	8E-15	14.096910013008056		1.166861	[1.12-1.21]	Affymetrix, Illumina [9005918] (imputed)	N	schizophrenia	http://www.ebi.ac.uk/efo/EFO_0000692	GCST002539	Genome-wide genotyping array
2015-04-16	25056061	Ripke S	2014-07-22	Nature	www.ncbi.nlm.nih.gov/pubmed/25056061	Biological insights from 108 schizophrenia-associated genetic loci.	Schizophrenia	32,405 European ancestry cases, 42,221 European ancestry controls, 1,235 European ancestry cases and 1,235 European ancestry controls from 1235 parent-offspring trios, 1,836 East Asian ancestry cases, 3,383 East Asian ancestry controls	1,513 European ancestry cases, 66,236 European ancestry controls	4q33	4	169705401	C4orf27, CLCN3, NEK1	CLCN3			1182			rs10520163-T	rs10520163	0	10520163	intron_variant	0	0.47	1E-9	9.0		1.065	[1.043-1.086]	Affymetrix, Illumina [9005918] (imputed)	N	schizophrenia	http://www.ebi.ac.uk/efo/EFO_0000692	GCST002539	Genome-wide genotyping array
2015-04-16	25056061	Ripke S	2014-07-22	Nature	www.ncbi.nlm.nih.gov/pubmed/25056061	Biological insights from 108 schizophrenia-associated genetic loci.	Schizophrenia	32,405 European ancestry cases, 42,221 European ancestry controls, 1,235 European ancestry cases and 1,235 European ancestry controls from 1235 parent-offspring trios, 1,836 East Asian ancestry cases, 3,383 East Asian ancestry controls	1,513 European ancestry cases, 66,236 European ancestry controls	4q34.2	4	175940150	GPM6A	LOC107984113, GPM6A			107984113, 2823			rs1106568-G	rs1106568	0	1106568	intron_variant	0	0.239	9E-9	8.045757490560675		1.0706638	[1.05-1.1]	Affymetrix, Illumina [9005918] (imputed)	N	schizophrenia	http://www.ebi.ac.uk/efo/EFO_0000692	GCST002539	Genome-wide genotyping array
2015-04-16	25056061	Ripke S	2014-07-22	Nature	www.ncbi.nlm.nih.gov/pubmed/25056061	Biological insights from 108 schizophrenia-associated genetic loci.	Schizophrenia	32,405 European ancestry cases, 42,221 European ancestry controls, 1,235 European ancestry cases and 1,235 European ancestry controls from 1235 parent-offspring trios, 1,836 East Asian ancestry cases, 3,383 East Asian ancestry controls	1,513 European ancestry cases, 66,236 European ancestry controls	5p12	5	45364773	HCN1	HCN1			348980			rs1501357-C	rs1501357	0	1501357	intron_variant	0	0.198	5E-9	8.301029995663981		1.0799136	[1.05-1.11]	Affymetrix, Illumina [9005918] (imputed)	N	schizophrenia	http://www.ebi.ac.uk/efo/EFO_0000692	GCST002539	Genome-wide genotyping array
2015-04-16	25056061	Ripke S	2014-07-22	Nature	www.ncbi.nlm.nih.gov/pubmed/25056061	Biological insights from 108 schizophrenia-associated genetic loci.	Schizophrenia	32,405 European ancestry cases, 42,221 European ancestry controls, 1,235 European ancestry cases and 1,235 European ancestry controls from 1235 parent-offspring trios, 1,836 East Asian ancestry cases, 3,383 East Asian ancestry controls	1,513 European ancestry cases, 66,236 European ancestry controls	5q12.1	5	61302716	ZSWIM6	LOC105378992			105378992			rs4391122-G	rs4391122	0	4391122	regulatory_region_variant	0	0.468	1E-14	14.0		1.0845987	[1.06-1.11]	Affymetrix, Illumina [9005918] (imputed)	N	schizophrenia	http://www.ebi.ac.uk/efo/EFO_0000692	GCST002539	Genome-wide genotyping array
2015-04-16	25056061	Ripke S	2014-07-22	Nature	www.ncbi.nlm.nih.gov/pubmed/25056061	Biological insights from 108 schizophrenia-associated genetic loci.	Schizophrenia	32,405 European ancestry cases, 42,221 European ancestry controls, 1,235 European ancestry cases and 1,235 European ancestry controls from 1235 parent-offspring trios, 1,836 East Asian ancestry cases, 3,383 East Asian ancestry controls	1,513 European ancestry cases, 66,236 European ancestry controls	5q14.3	5	89450514	MEF2C	MEF2C-AS1			101929423			rs16867576-A	rs16867576	0	16867576	intron_variant	0	0.883	5E-9	8.301029995663981		1.101	[1.066-1.138]	Affymetrix, Illumina [9005918] (imputed)	N	schizophrenia	http://www.ebi.ac.uk/efo/EFO_0000692	GCST002539	Genome-wide genotyping array
2015-04-16	25056061	Ripke S	2014-07-22	Nature	www.ncbi.nlm.nih.gov/pubmed/25056061	Biological insights from 108 schizophrenia-associated genetic loci.	Schizophrenia	32,405 European ancestry cases, 42,221 European ancestry controls, 1,235 European ancestry cases and 1,235 European ancestry controls from 1235 parent-offspring trios, 1,836 East Asian ancestry cases, 3,383 East Asian ancestry controls	1,513 European ancestry cases, 66,236 European ancestry controls	5q21.3	5	109700365	MAN2A1	MAN2A1			4124			rs4388249-T	rs4388249	0	4388249	intron_variant	0	0.213	3E-8	7.522878745280337		1.076	[1.048-1.104]	Affymetrix, Illumina [9005918] (imputed)	N	schizophrenia	http://www.ebi.ac.uk/efo/EFO_0000692	GCST002539	Genome-wide genotyping array
2015-04-16	25056061	Ripke S	2014-07-22	Nature	www.ncbi.nlm.nih.gov/pubmed/25056061	Biological insights from 108 schizophrenia-associated genetic loci.	Schizophrenia	32,405 European ancestry cases, 42,221 European ancestry controls, 1,235 European ancestry cases and 1,235 European ancestry controls from 1235 parent-offspring trios, 1,836 East Asian ancestry cases, 3,383 East Asian ancestry controls	1,513 European ancestry cases, 66,236 European ancestry controls	5q31.2	5	138515503	CDC25C, CTNNA1, EGR1, ETF1, FAM53C, GFRA3, HSPA9, KDM3B, REEP2	ETF1			2107			rs3849046-T	rs3849046	0	3849046	intron_variant	0	0.523	5E-9	8.301029995663981		1.063	[1.042-1.085]	Affymetrix, Illumina [9005918] (imputed)	N	schizophrenia	http://www.ebi.ac.uk/efo/EFO_0000692	GCST002539	Genome-wide genotyping array
2015-04-16	25056061	Ripke S	2014-07-22	Nature	www.ncbi.nlm.nih.gov/pubmed/25056061	Biological insights from 108 schizophrenia-associated genetic loci.	Schizophrenia	32,405 European ancestry cases, 42,221 European ancestry controls, 1,235 European ancestry cases and 1,235 European ancestry controls from 1235 parent-offspring trios, 1,836 East Asian ancestry cases, 3,383 East Asian ancestry controls	1,513 European ancestry cases, 66,236 European ancestry controls	5q33.1	5	152797561	GRIA1	LINC01470			101927134			rs111294930-A	rs111294930	0	111294930	intron_variant	0	0.782	1E-10	10.0		1.094	[1.064-1.124]	Affymetrix, Illumina [9005918] (imputed)	N	schizophrenia	http://www.ebi.ac.uk/efo/EFO_0000692	GCST002539	Genome-wide genotyping array
2015-04-16	25056061	Ripke S	2014-07-22	Nature	www.ncbi.nlm.nih.gov/pubmed/25056061	Biological insights from 108 schizophrenia-associated genetic loci.	Schizophrenia	32,405 European ancestry cases, 42,221 European ancestry controls, 1,235 European ancestry cases and 1,235 European ancestry controls from 1235 parent-offspring trios, 1,836 East Asian ancestry cases, 3,383 East Asian ancestry controls	1,513 European ancestry cases, 66,236 European ancestry controls	5q33.2	5	154301187	GALNT10	GALNT10			55568			rs11740474-T	rs11740474	0	11740474	intron_variant	0	0.379	3E-8	7.522878745280337		1.0615711	[1.04-1.08]	Affymetrix, Illumina [9005918] (imputed)	N	schizophrenia	http://www.ebi.ac.uk/efo/EFO_0000692	GCST002539	Genome-wide genotyping array
2015-04-16	25056061	Ripke S	2014-07-22	Nature	www.ncbi.nlm.nih.gov/pubmed/25056061	Biological insights from 108 schizophrenia-associated genetic loci.	Schizophrenia	32,405 European ancestry cases, 42,221 European ancestry controls, 1,235 European ancestry cases and 1,235 European ancestry controls from 1235 parent-offspring trios, 1,836 East Asian ancestry cases, 3,383 East Asian ancestry controls	1,513 European ancestry cases, 66,236 European ancestry controls	6p22.1	6	28744470	intergenic	TRR-CCG1-2 - TRK-TTT7-1	100189365	100189332		1446	3274	rs115329265-A	rs115329265	1	1233578	intergenic_variant	1	0.85	3E-31	30.522878745280337		1.205	[1.168-1.244]	Affymetrix, Illumina [9005918] (imputed)	N	schizophrenia	http://www.ebi.ac.uk/efo/EFO_0000692	GCST002539	Genome-wide genotyping array
2015-04-16	25056061	Ripke S	2014-07-22	Nature	www.ncbi.nlm.nih.gov/pubmed/25056061	Biological insights from 108 schizophrenia-associated genetic loci.	Schizophrenia	32,405 European ancestry cases, 42,221 European ancestry controls, 1,235 European ancestry cases and 1,235 European ancestry controls from 1235 parent-offspring trios, 1,836 East Asian ancestry cases, 3,383 East Asian ancestry controls	1,513 European ancestry cases, 66,236 European ancestry controls	6q13	6	72445999	RIMS1	RIMS1 - LOC100422453	22999	100422453		42856	76554	rs1339227-C	rs1339227	0	1339227	intergenic_variant	1	0.632	3E-8	7.522878745280337		1.0615711	[1.04-1.08]	Affymetrix, Illumina [9005918] (imputed)	N	schizophrenia	http://www.ebi.ac.uk/efo/EFO_0000692	GCST002539	Genome-wide genotyping array
2015-04-16	25056061	Ripke S	2014-07-22	Nature	www.ncbi.nlm.nih.gov/pubmed/25056061	Biological insights from 108 schizophrenia-associated genetic loci.	Schizophrenia	32,405 European ancestry cases, 42,221 European ancestry controls, 1,235 European ancestry cases and 1,235 European ancestry controls from 1235 parent-offspring trios, 1,836 East Asian ancestry cases, 3,383 East Asian ancestry controls	1,513 European ancestry cases, 66,236 European ancestry controls	6q16.1	6	96011775	FUT9	LOC107986626			107986626			rs117074560-C	rs117074560	0	117074560	upstream_gene_variant	0	0.9524	2E-9	8.698970004336019		1.1778563	[1.12-1.24]	Affymetrix, Illumina [9005918] (imputed)	N	schizophrenia	http://www.ebi.ac.uk/efo/EFO_0000692	GCST002539	Genome-wide genotyping array
2015-04-16	25056061	Ripke S	2014-07-22	Nature	www.ncbi.nlm.nih.gov/pubmed/25056061	Biological insights from 108 schizophrenia-associated genetic loci.	Schizophrenia	32,405 European ancestry cases, 42,221 European ancestry controls, 1,235 European ancestry cases and 1,235 European ancestry controls from 1235 parent-offspring trios, 1,836 East Asian ancestry cases, 3,383 East Asian ancestry controls	1,513 European ancestry cases, 66,236 European ancestry controls	7q21.12	7	86798310	GRM3	GRM3			2913			rs12704290-G	rs12704290	0	12704290	intron_variant	0	0.877	3E-10	9.522878745280337		1.1061947	[1.07-1.14]	Affymetrix, Illumina [9005918] (imputed)	N	schizophrenia	http://www.ebi.ac.uk/efo/EFO_0000692	GCST002539	Genome-wide genotyping array
2015-04-16	25056061	Ripke S	2014-07-22	Nature	www.ncbi.nlm.nih.gov/pubmed/25056061	Biological insights from 108 schizophrenia-associated genetic loci.	Schizophrenia	32,405 European ancestry cases, 42,221 European ancestry controls, 1,235 European ancestry cases and 1,235 European ancestry controls from 1235 parent-offspring trios, 1,836 East Asian ancestry cases, 3,383 East Asian ancestry controls	1,513 European ancestry cases, 66,236 European ancestry controls	7q22.3	7	105288617	MLL5, PUS7, SRPK2	SRPK2			6733			rs6466055-A	rs6466055	0	6466055	intron_variant	0	0.332	1E-9	9.0		1.068	[1.046-1.091]	Affymetrix, Illumina [9005918] (imputed)	N	schizophrenia	http://www.ebi.ac.uk/efo/EFO_0000692	GCST002539	Genome-wide genotyping array
2015-04-16	25056061	Ripke S	2014-07-22	Nature	www.ncbi.nlm.nih.gov/pubmed/25056061	Biological insights from 108 schizophrenia-associated genetic loci.	Schizophrenia	32,405 European ancestry cases, 42,221 European ancestry controls, 1,235 European ancestry cases and 1,235 European ancestry controls from 1235 parent-offspring trios, 1,836 East Asian ancestry cases, 3,383 East Asian ancestry controls	1,513 European ancestry cases, 66,236 European ancestry controls	7q31.1	7	111258859	IMMP2L	IMMP2L			83943			rs13240464-T	rs13240464	0	13240464	intron_variant	0	0.647	3E-13	12.522878745280337		1.083	[1.060-1.106]	Affymetrix, Illumina [9005918] (imputed)	N	schizophrenia	http://www.ebi.ac.uk/efo/EFO_0000692	GCST002539	Genome-wide genotyping array
2015-04-16	25056061	Ripke S	2014-07-22	Nature	www.ncbi.nlm.nih.gov/pubmed/25056061	Biological insights from 108 schizophrenia-associated genetic loci.	Schizophrenia	32,405 European ancestry cases, 42,221 European ancestry controls, 1,235 European ancestry cases and 1,235 European ancestry controls from 1235 parent-offspring trios, 1,836 East Asian ancestry cases, 3,383 East Asian ancestry controls	1,513 European ancestry cases, 66,236 European ancestry controls	7q32.3	7	131882504	PODXL	LOC107986849 - LOC100130704	107986849	100130704		3745	9908	rs7801375-G	rs7801375	0	7801375	intergenic_variant	1	0.848	4E-8	7.3979400086720375		1.0822511	[1.05-1.11]	Affymetrix, Illumina [9005918] (imputed)	N	schizophrenia	http://www.ebi.ac.uk/efo/EFO_0000692	GCST002539	Genome-wide genotyping array
2015-04-16	25056061	Ripke S	2014-07-22	Nature	www.ncbi.nlm.nih.gov/pubmed/25056061	Biological insights from 108 schizophrenia-associated genetic loci.	Schizophrenia	32,405 European ancestry cases, 42,221 European ancestry controls, 1,235 European ancestry cases and 1,235 European ancestry controls from 1235 parent-offspring trios, 1,836 East Asian ancestry cases, 3,383 East Asian ancestry controls	1,513 European ancestry cases, 66,236 European ancestry controls	7q33	7	137390098	DGKI, PTN	DGKI			9162			rs3735025-T	rs3735025	0	3735025	3_prime_UTR_variant	0	0.642	3E-9	8.522878745280337		1.066	[1.043-1.089]	Affymetrix, Illumina [9005918] (imputed)	N	schizophrenia	http://www.ebi.ac.uk/efo/EFO_0000692	GCST002539	Genome-wide genotyping array
2015-04-16	25056061	Ripke S	2014-07-22	Nature	www.ncbi.nlm.nih.gov/pubmed/25056061	Biological insights from 108 schizophrenia-associated genetic loci.	Schizophrenia	32,405 European ancestry cases, 42,221 European ancestry controls, 1,235 European ancestry cases and 1,235 European ancestry controls from 1235 parent-offspring trios, 1,836 East Asian ancestry cases, 3,383 East Asian ancestry controls	1,513 European ancestry cases, 66,236 European ancestry controls	8p23.2	8	4323322	CSMD1	CSMD1			64478			rs10503253-A	rs10503253	0	10503253	intron_variant	0	0.219	1E-8	8.0		1.073	[1.048-1.100]	Affymetrix, Illumina [9005918] (imputed)	N	schizophrenia	http://www.ebi.ac.uk/efo/EFO_0000692	GCST002539	Genome-wide genotyping array
2015-04-16	25056061	Ripke S	2014-07-22	Nature	www.ncbi.nlm.nih.gov/pubmed/25056061	Biological insights from 108 schizophrenia-associated genetic loci.	Schizophrenia	32,405 European ancestry cases, 42,221 European ancestry controls, 1,235 European ancestry cases and 1,235 European ancestry controls from 1235 parent-offspring trios, 1,836 East Asian ancestry cases, 3,383 East Asian ancestry controls	1,513 European ancestry cases, 66,236 European ancestry controls	8p21.1	8	27584610	CLU, EPHX2	GULOP, EPHX2			2989, 2053			rs73229090-C	rs73229090	0	73229090	intron_variant	0	0.884	2E-8	7.698970004336019		1.1013216	[1.06-1.14]	Affymetrix, Illumina [9005918] (imputed)	N	schizophrenia	http://www.ebi.ac.uk/efo/EFO_0000692	GCST002539	Genome-wide genotyping array
2015-04-16	25056061	Ripke S	2014-07-22	Nature	www.ncbi.nlm.nih.gov/pubmed/25056061	Biological insights from 108 schizophrenia-associated genetic loci.	Schizophrenia	32,405 European ancestry cases, 42,221 European ancestry controls, 1,235 European ancestry cases and 1,235 European ancestry controls from 1235 parent-offspring trios, 1,836 East Asian ancestry cases, 3,383 East Asian ancestry controls	1,513 European ancestry cases, 66,236 European ancestry controls	8q12.1	8	59787910	CA8	LOC107986889 - LOC105375861	107986889	105375861		27263	258873	rs6984242-G	rs6984242	0	6984242	intergenic_variant	1	0.4	6E-9	8.221848749616356		1.0626993	[1.04-1.08]	Affymetrix, Illumina [9005918] (imputed)	N	schizophrenia	http://www.ebi.ac.uk/efo/EFO_0000692	GCST002539	Genome-wide genotyping array
2015-04-16	25056061	Ripke S	2014-07-22	Nature	www.ncbi.nlm.nih.gov/pubmed/25056061	Biological insights from 108 schizophrenia-associated genetic loci.	Schizophrenia	32,405 European ancestry cases, 42,221 European ancestry controls, 1,235 European ancestry cases and 1,235 European ancestry controls from 1235 parent-offspring trios, 1,836 East Asian ancestry cases, 3,383 East Asian ancestry controls	1,513 European ancestry cases, 66,236 European ancestry controls	8q21.3	8	88576397	MMP16	LOC105375629			105375629			rs7819570-T	rs7819570	0	7819570	intron_variant	0	0.174	1E-8	8.0		1.079	[1.051-1.108]	Affymetrix, Illumina [9005918] (imputed)	N	schizophrenia	http://www.ebi.ac.uk/efo/EFO_0000692	GCST002539	Genome-wide genotyping array
2015-04-16	25056061	Ripke S	2014-07-22	Nature	www.ncbi.nlm.nih.gov/pubmed/25056061	Biological insights from 108 schizophrenia-associated genetic loci.	Schizophrenia	32,405 European ancestry cases, 42,221 European ancestry controls, 1,235 European ancestry cases and 1,235 European ancestry controls from 1235 parent-offspring trios, 1,836 East Asian ancestry cases, 3,383 East Asian ancestry controls	1,513 European ancestry cases, 66,236 European ancestry controls	8q23.2	8	110473532	KCNV1	RPSAP48 - LOC100132280	392262	100132280		367568	81855	rs36068923-G	rs36068923	0	36068923	intergenic_variant	1	0.197	3E-11	10.522878745280337		1.0881393	[1.06-1.12]	Affymetrix, Illumina [9005918] (imputed)	N	schizophrenia	http://www.ebi.ac.uk/efo/EFO_0000692	GCST002539	Genome-wide genotyping array
2015-04-16	25056061	Ripke S	2014-07-22	Nature	www.ncbi.nlm.nih.gov/pubmed/25056061	Biological insights from 108 schizophrenia-associated genetic loci.	Schizophrenia	32,405 European ancestry cases, 42,221 European ancestry controls, 1,235 European ancestry cases and 1,235 European ancestry controls from 1235 parent-offspring trios, 1,836 East Asian ancestry cases, 3,383 East Asian ancestry controls	1,513 European ancestry cases, 66,236 European ancestry controls	8q24.3	8	142231572	TSNARE1	LOC107986983, TSNARE1			107986983, 203062			rs4129585-A	rs4129585	0	4129585	intron_variant	0	0.424	2E-15	14.698970004336019		1.087	[1.065-1.109]	Affymetrix, Illumina [9005918] (imputed)	N	schizophrenia	http://www.ebi.ac.uk/efo/EFO_0000692	GCST002539	Genome-wide genotyping array
2015-04-16	25056061	Ripke S	2014-07-22	Nature	www.ncbi.nlm.nih.gov/pubmed/25056061	Biological insights from 108 schizophrenia-associated genetic loci.	Schizophrenia	32,405 European ancestry cases, 42,221 European ancestry controls, 1,235 European ancestry cases and 1,235 European ancestry controls from 1235 parent-offspring trios, 1,836 East Asian ancestry cases, 3,383 East Asian ancestry controls	1,513 European ancestry cases, 66,236 European ancestry controls	9q21.32	9	82125026	TLE1	LOC105376107			105376107			rs11139497-A	rs11139497	0	11139497	intron_variant	0	0.337	4E-9	8.397940008672037		1.069	[1.045-1.093]	Affymetrix, Illumina [9005918] (imputed)	N	schizophrenia	http://www.ebi.ac.uk/efo/EFO_0000692	GCST002539	Genome-wide genotyping array
2015-04-16	25056061	Ripke S	2014-07-22	Nature	www.ncbi.nlm.nih.gov/pubmed/25056061	Biological insights from 108 schizophrenia-associated genetic loci.	Schizophrenia	32,405 European ancestry cases, 42,221 European ancestry controls, 1,235 European ancestry cases and 1,235 European ancestry controls from 1235 parent-offspring trios, 1,836 East Asian ancestry cases, 3,383 East Asian ancestry controls	1,513 European ancestry cases, 66,236 European ancestry controls	10p12.31	10	18456176	CACNB2	CACNB2			783			rs7893279-T	rs7893279	0	7893279	intron_variant	0	0.889	2E-12	11.698970004336019		1.125	[1.088-1.162]	Affymetrix, Illumina [9005918] (imputed)	N	schizophrenia	http://www.ebi.ac.uk/efo/EFO_0000692	GCST002539	Genome-wide genotyping array
2015-04-16	25056061	Ripke S	2014-07-22	Nature	www.ncbi.nlm.nih.gov/pubmed/25056061	Biological insights from 108 schizophrenia-associated genetic loci.	Schizophrenia	32,405 European ancestry cases, 42,221 European ancestry controls, 1,235 European ancestry cases and 1,235 European ancestry controls from 1235 parent-offspring trios, 1,836 East Asian ancestry cases, 3,383 East Asian ancestry controls	1,513 European ancestry cases, 66,236 European ancestry controls	10q24.32	10	102852578	ARL3, AS3MT, C10orf32, CNNM2, CYP17A1, INA, NT5C2, PCGF6, PDCD11, SFXN2, TAF5, TRIM8, USMG5, WBP1L	PTGES3P4 - C10orf32	106480775	119032		6628	1632	rs11191419-T	rs11191419	0	11191419	intron_variant	1	0.64	6E-19	18.221848749616356		1.1037527	[1.08-1.13]	Affymetrix, Illumina [9005918] (imputed)	N	schizophrenia	http://www.ebi.ac.uk/efo/EFO_0000692	GCST002539	Genome-wide genotyping array
2015-04-16	25056061	Ripke S	2014-07-22	Nature	www.ncbi.nlm.nih.gov/pubmed/25056061	Biological insights from 108 schizophrenia-associated genetic loci.	Schizophrenia	32,405 European ancestry cases, 42,221 European ancestry controls, 1,235 European ancestry cases and 1,235 European ancestry controls from 1235 parent-offspring trios, 1,836 East Asian ancestry cases, 3,383 East Asian ancestry controls	1,513 European ancestry cases, 66,236 European ancestry controls	11p14.3	11	24382074	LUZP2	LOC105376595 - LUZP2	105376595	338645		43275	112230	rs11027857-A	rs11027857	0	11027857	intergenic_variant	1	0.499	3E-9	8.522878745280337		1.064	[1.042-1.085]	Affymetrix, Illumina [9005918] (imputed)	N	schizophrenia	http://www.ebi.ac.uk/efo/EFO_0000692	GCST002539	Genome-wide genotyping array
2015-04-16	25056061	Ripke S	2014-07-22	Nature	www.ncbi.nlm.nih.gov/pubmed/25056061	Biological insights from 108 schizophrenia-associated genetic loci.	Schizophrenia	32,405 European ancestry cases, 42,221 European ancestry controls, 1,235 European ancestry cases and 1,235 European ancestry controls from 1235 parent-offspring trios, 1,836 East Asian ancestry cases, 3,383 East Asian ancestry controls	1,513 European ancestry cases, 66,236 European ancestry controls	11q12.1	11	57742822	BTBD18, C11orf31, CLP1, CTNND1, MED19, SERPING1, TMX2, YPEL4, ZDHHC5	C11orf31, TMX2-CTNND1			280636, 100528016			rs9420-A	rs9420	0	9420	non_coding_transcript_exon_variant	0	0.311	2E-9	8.698970004336019		1.068	[1.045-1.092]	Affymetrix, Illumina [9005918] (imputed)	N	schizophrenia	http://www.ebi.ac.uk/efo/EFO_0000692	GCST002539	Genome-wide genotyping array
2015-04-16	25056061	Ripke S	2014-07-22	Nature	www.ncbi.nlm.nih.gov/pubmed/25056061	Biological insights from 108 schizophrenia-associated genetic loci.	Schizophrenia	32,405 European ancestry cases, 42,221 European ancestry controls, 1,235 European ancestry cases and 1,235 European ancestry controls from 1235 parent-offspring trios, 1,836 East Asian ancestry cases, 3,383 East Asian ancestry controls	1,513 European ancestry cases, 66,236 European ancestry controls	11q22.3	11	109507345	C11orf87	C11orf87 - CCT6P5	399947	100463286		74342	129897	rs12421382-C	rs12421382	0	12421382	intron_variant	1	0.666	4E-8	7.3979400086720375		1.0626993	[1.04-1.09]	Affymetrix, Illumina [9005918] (imputed)	N	schizophrenia	http://www.ebi.ac.uk/efo/EFO_0000692	GCST002539	Genome-wide genotyping array
2015-04-16	25056061	Ripke S	2014-07-22	Nature	www.ncbi.nlm.nih.gov/pubmed/25056061	Biological insights from 108 schizophrenia-associated genetic loci.	Schizophrenia	32,405 European ancestry cases, 42,221 European ancestry controls, 1,235 European ancestry cases and 1,235 European ancestry controls from 1235 parent-offspring trios, 1,836 East Asian ancestry cases, 3,383 East Asian ancestry controls	1,513 European ancestry cases, 66,236 European ancestry controls	11q23.2	11	113522272	DRD2	LOC105369501 - LOC107984390	105369501	107984390		21529	64128	rs2514218-C	rs2514218	0	2514218	intergenic_variant	1	0.686	3E-11	10.522878745280337		1.0787487	[1.05-1.1]	Affymetrix, Illumina [9005918] (imputed)	N	schizophrenia	http://www.ebi.ac.uk/efo/EFO_0000692	GCST002539	Genome-wide genotyping array
2015-04-16	25056061	Ripke S	2014-07-22	Nature	www.ncbi.nlm.nih.gov/pubmed/25056061	Biological insights from 108 schizophrenia-associated genetic loci.	Schizophrenia	32,405 European ancestry cases, 42,221 European ancestry controls, 1,235 European ancestry cases and 1,235 European ancestry controls from 1235 parent-offspring trios, 1,836 East Asian ancestry cases, 3,383 East Asian ancestry controls	1,513 European ancestry cases, 66,236 European ancestry controls	11q24.1	11	123523928	GRAMD1B	GRAMD1B			57476			rs77502336-C	rs77502336	0	77502336	intron_variant	0	0.322	8E-9	8.096910013008056		1.066	[1.043-1.090]	Affymetrix, Illumina [9005918] (imputed)	N	schizophrenia	http://www.ebi.ac.uk/efo/EFO_0000692	GCST002539	Genome-wide genotyping array
2015-04-16	25056061	Ripke S	2014-07-22	Nature	www.ncbi.nlm.nih.gov/pubmed/25056061	Biological insights from 108 schizophrenia-associated genetic loci.	Schizophrenia	32,405 European ancestry cases, 42,221 European ancestry controls, 1,235 European ancestry cases and 1,235 European ancestry controls from 1235 parent-offspring trios, 1,836 East Asian ancestry cases, 3,383 East Asian ancestry controls	1,513 European ancestry cases, 66,236 European ancestry controls	11q24.2	11	124744061	ESAM, MSANTD2, NRGN, VSIG2	NRGN			4900			rs55661361-G	rs55661361	0	55661361	intron_variant	0	0.665	3E-12	11.522878745280337		1.0799136	[1.06-1.1]	Affymetrix, Illumina [9005918] (imputed)	N	schizophrenia	http://www.ebi.ac.uk/efo/EFO_0000692	GCST002539	Genome-wide genotyping array
2015-04-16	25056061	Ripke S	2014-07-22	Nature	www.ncbi.nlm.nih.gov/pubmed/25056061	Biological insights from 108 schizophrenia-associated genetic loci.	Schizophrenia	32,405 European ancestry cases, 42,221 European ancestry controls, 1,235 European ancestry cases and 1,235 European ancestry controls from 1235 parent-offspring trios, 1,836 East Asian ancestry cases, 3,383 East Asian ancestry controls	1,513 European ancestry cases, 66,236 European ancestry controls	11q24.3	11	130848735	SNX19	LOC100507431			100507431			rs10791097-T	rs10791097	0	10791097	intron_variant	0	0.46	1E-12	12.0		1.076	[1.055-1.098]	Affymetrix, Illumina [9005918] (imputed)	N	schizophrenia	http://www.ebi.ac.uk/efo/EFO_0000692	GCST002539	Genome-wide genotyping array
2015-04-16	25056061	Ripke S	2014-07-22	Nature	www.ncbi.nlm.nih.gov/pubmed/25056061	Biological insights from 108 schizophrenia-associated genetic loci.	Schizophrenia	32,405 European ancestry cases, 42,221 European ancestry controls, 1,235 European ancestry cases and 1,235 European ancestry controls from 1235 parent-offspring trios, 1,836 East Asian ancestry cases, 3,383 East Asian ancestry controls	1,513 European ancestry cases, 66,236 European ancestry controls	11q25	11	133952674	IGSF9B	IGSF9B			22997			rs75059851-A	rs75059851	0	75059851	intron_variant	0	0.797	4E-11	10.397940008672037		1.091	[1.063-1.119]	Affymetrix, Illumina [9005918] (imputed)	N	schizophrenia	http://www.ebi.ac.uk/efo/EFO_0000692	GCST002539	Genome-wide genotyping array
2015-04-16	25056061	Ripke S	2014-07-22	Nature	www.ncbi.nlm.nih.gov/pubmed/25056061	Biological insights from 108 schizophrenia-associated genetic loci.	Schizophrenia	32,405 European ancestry cases, 42,221 European ancestry controls, 1,235 European ancestry cases and 1,235 European ancestry controls from 1235 parent-offspring trios, 1,836 East Asian ancestry cases, 3,383 East Asian ancestry controls	1,513 European ancestry cases, 66,236 European ancestry controls	12p13.33	12	2235794	CACNA1C	CACNA1C			775			rs2007044-G	rs2007044	0	2007044	intron_variant	0	0.376	3E-18	17.522878745280337		1.0964912	[1.07-1.12]	Affymetrix, Illumina [9005918] (imputed)	N	schizophrenia	http://www.ebi.ac.uk/efo/EFO_0000692	GCST002539	Genome-wide genotyping array
2015-04-16	25056061	Ripke S	2014-07-22	Nature	www.ncbi.nlm.nih.gov/pubmed/25056061	Biological insights from 108 schizophrenia-associated genetic loci.	Schizophrenia	32,405 European ancestry cases, 42,221 European ancestry controls, 1,235 European ancestry cases and 1,235 European ancestry controls from 1235 parent-offspring trios, 1,836 East Asian ancestry cases, 3,383 East Asian ancestry controls	1,513 European ancestry cases, 66,236 European ancestry controls	12p11.22	12	29764332	TMTC1	TMTC1			83857			rs679087-C	rs679087	0	679087	intron_variant	0	0.663	4E-8	7.3979400086720375		1.0626993	[1.04-1.09]	Affymetrix, Illumina [9005918] (imputed)	N	schizophrenia	http://www.ebi.ac.uk/efo/EFO_0000692	GCST002539	Genome-wide genotyping array
2015-04-16	25056061	Ripke S	2014-07-22	Nature	www.ncbi.nlm.nih.gov/pubmed/25056061	Biological insights from 108 schizophrenia-associated genetic loci.	Schizophrenia	32,405 European ancestry cases, 42,221 European ancestry controls, 1,235 European ancestry cases and 1,235 European ancestry controls from 1235 parent-offspring trios, 1,836 East Asian ancestry cases, 3,383 East Asian ancestry controls	1,513 European ancestry cases, 66,236 European ancestry controls	12q13.3	12	57228588	LRP1, MYO1A, NAB2, NDUFA4L2, NXPH4, R3HDM2, SHMT2, STAC3, STAT6, TAC3, TMEM194A	NXPH4 - SHMT2	11247	6472		2139	985	rs12826178-G	rs12826178	0	12826178	upstream_gene_variant	1	0.929	2E-12	11.698970004336019		1.1820331	[1.13-1.24]	Affymetrix, Illumina [9005918] (imputed)	N	schizophrenia	http://www.ebi.ac.uk/efo/EFO_0000692	GCST002539	Genome-wide genotyping array
2015-04-16	25056061	Ripke S	2014-07-22	Nature	www.ncbi.nlm.nih.gov/pubmed/25056061	Biological insights from 108 schizophrenia-associated genetic loci.	Schizophrenia	32,405 European ancestry cases, 42,221 European ancestry controls, 1,235 European ancestry cases and 1,235 European ancestry controls from 1235 parent-offspring trios, 1,836 East Asian ancestry cases, 3,383 East Asian ancestry controls	1,513 European ancestry cases, 66,236 European ancestry controls	12q21.33	12	91853010	C12orf79	LOC105369896 - LOC105369900	105369896	105369900		219186	22293	rs4240748-G	rs4240748	0	4240748	regulatory_region_variant	1	0.634	5E-8	7.301029995663981		1.0604454	[1.04-1.08]	Affymetrix, Illumina [9005918] (imputed)	N	schizophrenia	http://www.ebi.ac.uk/efo/EFO_0000692	GCST002539	Genome-wide genotyping array
2015-04-16	25056061	Ripke S	2014-07-22	Nature	www.ncbi.nlm.nih.gov/pubmed/25056061	Biological insights from 108 schizophrenia-associated genetic loci.	Schizophrenia	32,405 European ancestry cases, 42,221 European ancestry controls, 1,235 European ancestry cases and 1,235 European ancestry controls from 1235 parent-offspring trios, 1,836 East Asian ancestry cases, 3,383 East Asian ancestry controls	1,513 European ancestry cases, 66,236 European ancestry controls	12q23.2	12	103202677	C12orf42	C12orf42			374470			rs10860964-T	rs10860964	0	10860964	intergenic_variant	0	0.646	5E-8	7.301029995663981		1.06	[1.038-1.083]	Affymetrix, Illumina [9005918] (imputed)	N	schizophrenia	http://www.ebi.ac.uk/efo/EFO_0000692	GCST002539	Genome-wide genotyping array
2015-04-16	25056061	Ripke S	2014-07-22	Nature	www.ncbi.nlm.nih.gov/pubmed/25056061	Biological insights from 108 schizophrenia-associated genetic loci.	Schizophrenia	32,405 European ancestry cases, 42,221 European ancestry controls, 1,235 European ancestry cases and 1,235 European ancestry controls from 1235 parent-offspring trios, 1,836 East Asian ancestry cases, 3,383 East Asian ancestry controls	1,513 European ancestry cases, 66,236 European ancestry controls	12q24.11	12	110285440	ATP2A2	ATP2A2			488			rs4766428-T	rs4766428	0	4766428	intron_variant	0	0.474	1E-9	9.0		1.068	[1.045-1.091]	Affymetrix, Illumina [9005918] (imputed)	N	schizophrenia	http://www.ebi.ac.uk/efo/EFO_0000692	GCST002539	Genome-wide genotyping array
2015-04-16	25056061	Ripke S	2014-07-22	Nature	www.ncbi.nlm.nih.gov/pubmed/25056061	Biological insights from 108 schizophrenia-associated genetic loci.	Schizophrenia	32,405 European ancestry cases, 42,221 European ancestry controls, 1,235 European ancestry cases and 1,235 European ancestry controls from 1235 parent-offspring trios, 1,836 East Asian ancestry cases, 3,383 East Asian ancestry controls	1,513 European ancestry cases, 66,236 European ancestry controls	12q24.31	12	123180566	ABCB9, ARL6IP4, C12orf65, CDK2AP1, MPHOSPH9, OGFOD2, PITPNM2, RILPL2, SBNO1, SETD8	MPHOSPH9			10198			rs2851447-G	rs2851447	0	2851447	intron_variant	0	0.259	2E-14	13.698970004336019		1.0928961	[1.07-1.12]	Affymetrix, Illumina [9005918] (imputed)	N	schizophrenia	http://www.ebi.ac.uk/efo/EFO_0000692	GCST002539	Genome-wide genotyping array
2015-04-16	25056061	Ripke S	2014-07-22	Nature	www.ncbi.nlm.nih.gov/pubmed/25056061	Biological insights from 108 schizophrenia-associated genetic loci.	Schizophrenia	32,405 European ancestry cases, 42,221 European ancestry controls, 1,235 European ancestry cases and 1,235 European ancestry controls from 1235 parent-offspring trios, 1,836 East Asian ancestry cases, 3,383 East Asian ancestry controls	1,513 European ancestry cases, 66,236 European ancestry controls	14q12	14	29721110	PRKD1	PRKD1			5587			rs2068012-C	rs2068012	0	2068012	intron_variant	0	0.229	1E-8	8.0		1.0718113	[1.05-1.1]	Affymetrix, Illumina [9005918] (imputed)	N	schizophrenia	http://www.ebi.ac.uk/efo/EFO_0000692	GCST002539	Genome-wide genotyping array
2015-04-16	25056061	Ripke S	2014-07-22	Nature	www.ncbi.nlm.nih.gov/pubmed/25056061	Biological insights from 108 schizophrenia-associated genetic loci.	Schizophrenia	32,405 European ancestry cases, 42,221 European ancestry controls, 1,235 European ancestry cases and 1,235 European ancestry controls from 1235 parent-offspring trios, 1,836 East Asian ancestry cases, 3,383 East Asian ancestry controls	1,513 European ancestry cases, 66,236 European ancestry controls	14q24.2	14	71950609	AC005477.1, RGS6	RGS6			9628			rs2332700-C	rs2332700	0	2332700	intron_variant	0	0.249	5E-9	8.301029995663981		1.073	[1.048-1.098]	Affymetrix, Illumina [9005918] (imputed)	N	schizophrenia	http://www.ebi.ac.uk/efo/EFO_0000692	GCST002539	Genome-wide genotyping array
2015-04-16	25056061	Ripke S	2014-07-22	Nature	www.ncbi.nlm.nih.gov/pubmed/25056061	Biological insights from 108 schizophrenia-associated genetic loci.	Schizophrenia	32,405 European ancestry cases, 42,221 European ancestry controls, 1,235 European ancestry cases and 1,235 European ancestry controls from 1235 parent-offspring trios, 1,836 East Asian ancestry cases, 3,383 East Asian ancestry controls	1,513 European ancestry cases, 66,236 European ancestry controls	14q32.2	14	99252882	BCL11B	BCL11B			64919			rs2693698-G	rs2693698	0	2693698	intron_variant	0	0.582	5E-9	8.301029995663981		1.0649627	[1.04-1.09]	Affymetrix, Illumina [9005918] (imputed)	N	schizophrenia	http://www.ebi.ac.uk/efo/EFO_0000692	GCST002539	Genome-wide genotyping array
2015-04-16	25056061	Ripke S	2014-07-22	Nature	www.ncbi.nlm.nih.gov/pubmed/25056061	Biological insights from 108 schizophrenia-associated genetic loci.	Schizophrenia	32,405 European ancestry cases, 42,221 European ancestry controls, 1,235 European ancestry cases and 1,235 European ancestry controls from 1235 parent-offspring trios, 1,836 East Asian ancestry cases, 3,383 East Asian ancestry controls	1,513 European ancestry cases, 66,236 European ancestry controls	14q32.33	14	103580497	AL049840.1, APOPT1, BAG5, CKB, KLC1, PPP1R13B, TRMT61A, XRCC3, ZFYVE21	APOPT1			84334			rs12887734-T	rs12887734	0	12887734	intron_variant	0	0.287	1E-13	13.0		1.088	[1.064-1.113]	Affymetrix, Illumina [9005918] (imputed)	N	schizophrenia	http://www.ebi.ac.uk/efo/EFO_0000692	GCST002539	Genome-wide genotyping array
2015-04-16	25056061	Ripke S	2014-07-22	Nature	www.ncbi.nlm.nih.gov/pubmed/25056061	Biological insights from 108 schizophrenia-associated genetic loci.	Schizophrenia	32,405 European ancestry cases, 42,221 European ancestry controls, 1,235 European ancestry cases and 1,235 European ancestry controls from 1235 parent-offspring trios, 1,836 East Asian ancestry cases, 3,383 East Asian ancestry controls	1,513 European ancestry cases, 66,236 European ancestry controls	15q15.1	15	40275036	ANKRD63, PAK6, PLCB2	PAK6, BUB1B-PAK6			56924, 106821730			rs56205728-A	rs56205728	0	56205728	intron_variant	0	0.274	4E-9	8.397940008672037		1.074	[1.048-1.099]	Affymetrix, Illumina [9005918] (imputed)	N	schizophrenia	http://www.ebi.ac.uk/efo/EFO_0000692	GCST002539	Genome-wide genotyping array
2015-04-16	25056061	Ripke S	2014-07-22	Nature	www.ncbi.nlm.nih.gov/pubmed/25056061	Biological insights from 108 schizophrenia-associated genetic loci.	Schizophrenia	32,405 European ancestry cases, 42,221 European ancestry controls, 1,235 European ancestry cases and 1,235 European ancestry controls from 1235 parent-offspring trios, 1,836 East Asian ancestry cases, 3,383 East Asian ancestry controls	1,513 European ancestry cases, 66,236 European ancestry controls	15q22.2	15	61562464	VPS14C	LOC107984782			107984782			rs12903146-A	rs12903146	0	12903146	intron_variant	0	0.52	3E-10	9.522878745280337		1.067	[1.046-1.089]	Affymetrix, Illumina [9005918] (imputed)	N	schizophrenia	http://www.ebi.ac.uk/efo/EFO_0000692	GCST002539	Genome-wide genotyping array
2015-04-16	25056061	Ripke S	2014-07-22	Nature	www.ncbi.nlm.nih.gov/pubmed/25056061	Biological insights from 108 schizophrenia-associated genetic loci.	Schizophrenia	32,405 European ancestry cases, 42,221 European ancestry controls, 1,235 European ancestry cases and 1,235 European ancestry controls from 1235 parent-offspring trios, 1,836 East Asian ancestry cases, 3,383 East Asian ancestry controls	1,513 European ancestry cases, 66,236 European ancestry controls	15q23	15	70296933	TLE3	LOC105370878			105370878			rs12148337-T	rs12148337	0	12148337	intergenic_variant	0	0.465	2E-8	7.698970004336019		1.06	[1.038-1.081]	Affymetrix, Illumina [9005918] (imputed)	N	schizophrenia	http://www.ebi.ac.uk/efo/EFO_0000692	GCST002539	Genome-wide genotyping array
2015-04-16	25056061	Ripke S	2014-07-22	Nature	www.ncbi.nlm.nih.gov/pubmed/25056061	Biological insights from 108 schizophrenia-associated genetic loci.	Schizophrenia	32,405 European ancestry cases, 42,221 European ancestry controls, 1,235 European ancestry cases and 1,235 European ancestry controls from 1235 parent-offspring trios, 1,836 East Asian ancestry cases, 3,383 East Asian ancestry controls	1,513 European ancestry cases, 66,236 European ancestry controls	15q25.1	15	78615690	AC027228.1, AGPHD1, CHRNA3, CHRNA5, CHRNB4, IREB2, PSMA4	CHRNA3			1136			rs8042374-A	rs8042374	0	8042374	intron_variant	0	0.725	2E-13	12.698970004336019		1.093	[1.067-1.119]	Affymetrix, Illumina [9005918] (imputed)	N	schizophrenia	http://www.ebi.ac.uk/efo/EFO_0000692	GCST002539	Genome-wide genotyping array
2015-04-16	25056061	Ripke S	2014-07-22	Nature	www.ncbi.nlm.nih.gov/pubmed/25056061	Biological insights from 108 schizophrenia-associated genetic loci.	Schizophrenia	32,405 European ancestry cases, 42,221 European ancestry controls, 1,235 European ancestry cases and 1,235 European ancestry controls from 1235 parent-offspring trios, 1,836 East Asian ancestry cases, 3,383 East Asian ancestry controls	1,513 European ancestry cases, 66,236 European ancestry controls	15q25.2	15	84037709	ADAMTSL3, GOLGA6L4, ZSCAN2	ADAMTSL3			57188			rs950169-C	rs950169	0	950169	missense_variant	0	0.743	2E-11	10.698970004336019		1.0834236	[1.06-1.11]	Affymetrix, Illumina [9005918] (imputed)	N	schizophrenia	http://www.ebi.ac.uk/efo/EFO_0000692	GCST002539	Genome-wide genotyping array
2015-04-16	25056061	Ripke S	2014-07-22	Nature	www.ncbi.nlm.nih.gov/pubmed/25056061	Biological insights from 108 schizophrenia-associated genetic loci.	Schizophrenia	32,405 European ancestry cases, 42,221 European ancestry controls, 1,235 European ancestry cases and 1,235 European ancestry controls from 1235 parent-offspring trios, 1,836 East Asian ancestry cases, 3,383 East Asian ancestry controls	1,513 European ancestry cases, 66,236 European ancestry controls	15q26.1	15	90883330	FES, FURIN, MAN2A2	FURIN			5045			rs4702-G	rs4702	0	4702	3_prime_UTR_variant	0	0.438	8E-14	13.096910013008056		1.0845987	[1.06-1.11]	Affymetrix, Illumina [9005918] (imputed)	N	schizophrenia	http://www.ebi.ac.uk/efo/EFO_0000692	GCST002539	Genome-wide genotyping array
2015-04-16	25056061	Ripke S	2014-07-22	Nature	www.ncbi.nlm.nih.gov/pubmed/25056061	Biological insights from 108 schizophrenia-associated genetic loci.	Schizophrenia	32,405 European ancestry cases, 42,221 European ancestry controls, 1,235 European ancestry cases and 1,235 European ancestry controls from 1235 parent-offspring trios, 1,836 East Asian ancestry cases, 3,383 East Asian ancestry controls	1,513 European ancestry cases, 66,236 European ancestry controls	16p13.2	16	9852462	GRIN2A	GRIN2A			2903			rs9922678-A	rs9922678	0	9922678	intron_variant	0	0.281	1E-8	8.0		1.067	[1.043-1.091]	Affymetrix, Illumina [9005918] (imputed)	N	schizophrenia	http://www.ebi.ac.uk/efo/EFO_0000692	GCST002539	Genome-wide genotyping array
2015-04-16	25056061	Ripke S	2014-07-22	Nature	www.ncbi.nlm.nih.gov/pubmed/25056061	Biological insights from 108 schizophrenia-associated genetic loci.	Schizophrenia	32,405 European ancestry cases, 42,221 European ancestry controls, 1,235 European ancestry cases and 1,235 European ancestry controls from 1235 parent-offspring trios, 1,836 East Asian ancestry cases, 3,383 East Asian ancestry controls	1,513 European ancestry cases, 66,236 European ancestry controls	16p13.12	16	13656002	ERCC4	SHISA9 - LOC105371093	729993	105371093		92575	249765	rs7405404-T	rs7405404	0	7405404	intergenic_variant	1	0.223	1E-9	9.0		1.077	[1.052-1.103]	Affymetrix, Illumina [9005918] (imputed)	N	schizophrenia	http://www.ebi.ac.uk/efo/EFO_0000692	GCST002539	Genome-wide genotyping array
2015-04-16	25056061	Ripke S	2014-07-22	Nature	www.ncbi.nlm.nih.gov/pubmed/25056061	Biological insights from 108 schizophrenia-associated genetic loci.	Schizophrenia	32,405 European ancestry cases, 42,221 European ancestry controls, 1,235 European ancestry cases and 1,235 European ancestry controls from 1235 parent-offspring trios, 1,836 East Asian ancestry cases, 3,383 East Asian ancestry controls	1,513 European ancestry cases, 66,236 European ancestry controls	16p11.2	16	29928556	ALDOA, ASPHD1, C16orf92, DOC2A, FAM57B, GDPD3, HIRIP3, INO80E, KCTD13, MAPK3, PPP4C, SEZ6L2, TAOK2, TBX6, TMEM219, YPEL3	LOC107984836			107984836			rs12691307-A	rs12691307	0	12691307	non_coding_transcript_exon_variant	0	0.51	5E-11	10.301029995663981		1.073	[1.051-1.096]	Affymetrix, Illumina [9005918] (imputed)	N	schizophrenia	http://www.ebi.ac.uk/efo/EFO_0000692	GCST002539	Genome-wide genotyping array
2015-04-16	25056061	Ripke S	2014-07-22	Nature	www.ncbi.nlm.nih.gov/pubmed/25056061	Biological insights from 108 schizophrenia-associated genetic loci.	Schizophrenia	32,405 European ancestry cases, 42,221 European ancestry controls, 1,235 European ancestry cases and 1,235 European ancestry controls from 1235 parent-offspring trios, 1,836 East Asian ancestry cases, 3,383 East Asian ancestry controls	1,513 European ancestry cases, 66,236 European ancestry controls	16q21	16	58647489	CNOT1, SLC38A7	CNOT1 - SLC38A7	23019	55238		17603	17620	rs12325245-T	rs12325245	0	12325245	intergenic_variant	1	0.141	2E-8	7.698970004336019		1.0869565	[1.06-1.12]	Affymetrix, Illumina [9005918] (imputed)	N	schizophrenia	http://www.ebi.ac.uk/efo/EFO_0000692	GCST002539	Genome-wide genotyping array
2015-04-16	25056061	Ripke S	2014-07-22	Nature	www.ncbi.nlm.nih.gov/pubmed/25056061	Biological insights from 108 schizophrenia-associated genetic loci.	Schizophrenia	32,405 European ancestry cases, 42,221 European ancestry controls, 1,235 European ancestry cases and 1,235 European ancestry controls from 1235 parent-offspring trios, 1,836 East Asian ancestry cases, 3,383 East Asian ancestry controls	1,513 European ancestry cases, 66,236 European ancestry controls	16q22.1	16	68155437	ACD, C16orf86, CENPT, CTRL, DDX28, DPEP2, DPEP3, DUS2L, EDC4, ENKD1, ESRP2, GFOD2, LCAT, NFATC3, NRN1L, NUTF2, PARD6A, PLA2G15, PSKH1, PSMB10, RANBP10, SLC12A4, SLC7A6, SLC7A6OS, THAP11, TSNAXIP1	NFATC3			4775			rs8044995-A	rs8044995	0	8044995	intron_variant	0	0.162	2E-8	7.698970004336019		1.081	[1.052-1.111]	Affymetrix, Illumina [9005918] (imputed)	N	schizophrenia	http://www.ebi.ac.uk/efo/EFO_0000692	GCST002539	Genome-wide genotyping array
2015-04-16	25056061	Ripke S	2014-07-22	Nature	www.ncbi.nlm.nih.gov/pubmed/25056061	Biological insights from 108 schizophrenia-associated genetic loci.	Schizophrenia	32,405 European ancestry cases, 42,221 European ancestry controls, 1,235 European ancestry cases and 1,235 European ancestry controls from 1235 parent-offspring trios, 1,836 East Asian ancestry cases, 3,383 East Asian ancestry controls	1,513 European ancestry cases, 66,236 European ancestry controls	17p13.3	17	2305605	SGSM2, SMG6, SRR, TSR1	SRR			63826			rs4523957-T	rs4523957	0	4523957	intron_variant	0	0.627	3E-10	9.522878745280337		1.071	[1.049-1.094]	Affymetrix, Illumina [9005918] (imputed)	N	schizophrenia	http://www.ebi.ac.uk/efo/EFO_0000692	GCST002539	Genome-wide genotyping array
2015-04-16	25056061	Ripke S	2014-07-22	Nature	www.ncbi.nlm.nih.gov/pubmed/25056061	Biological insights from 108 schizophrenia-associated genetic loci.	Schizophrenia	32,405 European ancestry cases, 42,221 European ancestry controls, 1,235 European ancestry cases and 1,235 European ancestry controls from 1235 parent-offspring trios, 1,836 East Asian ancestry cases, 3,383 East Asian ancestry controls	1,513 European ancestry cases, 66,236 European ancestry controls	17p11.2	17	18055088	ATPAF2, DRG2, GID4, LRRC48, MYO15A, RAI1, SREBF1, TOM1L2	GID4			79018			rs8082590-G	rs8082590	0	8082590	intron_variant	0	0.386	2E-8	7.698970004336019		1.0649627	[1.04-1.09]	Affymetrix, Illumina [9005918] (imputed)	N	schizophrenia	http://www.ebi.ac.uk/efo/EFO_0000692	GCST002539	Genome-wide genotyping array
2015-04-16	25056061	Ripke S	2014-07-22	Nature	www.ncbi.nlm.nih.gov/pubmed/25056061	Biological insights from 108 schizophrenia-associated genetic loci.	Schizophrenia	32,405 European ancestry cases, 42,221 European ancestry controls, 1,235 European ancestry cases and 1,235 European ancestry controls from 1235 parent-offspring trios, 1,836 East Asian ancestry cases, 3,383 East Asian ancestry controls	1,513 European ancestry cases, 66,236 European ancestry controls	18q21.2	18	55532886	TCF4	TCF4			6925			rs9636107-G	rs9636107	0	9636107	intron_variant	0	0.497	3E-12	11.522878745280337		1.0752687	[1.05-1.1]	Affymetrix, Illumina [9005918] (imputed)	N	schizophrenia	http://www.ebi.ac.uk/efo/EFO_0000692	GCST002539	Genome-wide genotyping array
2015-04-16	25056061	Ripke S	2014-07-22	Nature	www.ncbi.nlm.nih.gov/pubmed/25056061	Biological insights from 108 schizophrenia-associated genetic loci.	Schizophrenia	32,405 European ancestry cases, 42,221 European ancestry controls, 1,235 European ancestry cases and 1,235 European ancestry controls from 1235 parent-offspring trios, 1,836 East Asian ancestry cases, 3,383 East Asian ancestry controls	1,513 European ancestry cases, 66,236 European ancestry controls	18q21.2	18	55865958	TCF4	LOC105372131 - LOC101927273	105372131	101927273		2	15730	rs72934570-C	rs72934570	0	72934570	intergenic_variant	1	0.9203	2E-11	10.698970004336019		1.1454753	[1.1-1.19]	Affymetrix, Illumina [9005918] (imputed)	N	schizophrenia	http://www.ebi.ac.uk/efo/EFO_0000692	GCST002539	Genome-wide genotyping array
2015-04-16	25056061	Ripke S	2014-07-22	Nature	www.ncbi.nlm.nih.gov/pubmed/25056061	Biological insights from 108 schizophrenia-associated genetic loci.	Schizophrenia	32,405 European ancestry cases, 42,221 European ancestry controls, 1,235 European ancestry cases and 1,235 European ancestry controls from 1235 parent-offspring trios, 1,836 East Asian ancestry cases, 3,383 East Asian ancestry controls	1,513 European ancestry cases, 66,236 European ancestry controls	19p13.11	19	19367213	CILP2, GATAD2A, HAPLN4, MAU2, NCAN, NDUFA13, PBX4, SUGP1, TM6SF2, TSSK6	MAU2 - GATAD2A	23383	54815		8459	18620	rs2905426-G	rs2905426	0	2905426	regulatory_region_variant	1	0.372	4E-10	9.397940008672037		1.0706638	[1.05-1.09]	Affymetrix, Illumina [9005918] (imputed)	N	schizophrenia	http://www.ebi.ac.uk/efo/EFO_0000692	GCST002539	Genome-wide genotyping array
2015-04-16	25056061	Ripke S	2014-07-22	Nature	www.ncbi.nlm.nih.gov/pubmed/25056061	Biological insights from 108 schizophrenia-associated genetic loci.	Schizophrenia	32,405 European ancestry cases, 42,221 European ancestry controls, 1,235 European ancestry cases and 1,235 European ancestry controls from 1235 parent-offspring trios, 1,836 East Asian ancestry cases, 3,383 East Asian ancestry controls	1,513 European ancestry cases, 66,236 European ancestry controls	19q12	19	30496516	ZNF536	ZNF536			9745			rs2053079-G	rs2053079	0	2053079	intron_variant	0	0.231	4E-9	8.397940008672037		1.0741138	[1.05-1.1]	Affymetrix, Illumina [9005918] (imputed)	N	schizophrenia	http://www.ebi.ac.uk/efo/EFO_0000692	GCST002539	Genome-wide genotyping array
2015-04-16	25056061	Ripke S	2014-07-22	Nature	www.ncbi.nlm.nih.gov/pubmed/25056061	Biological insights from 108 schizophrenia-associated genetic loci.	Schizophrenia	32,405 European ancestry cases, 42,221 European ancestry controls, 1,235 European ancestry cases and 1,235 European ancestry controls from 1235 parent-offspring trios, 1,836 East Asian ancestry cases, 3,383 East Asian ancestry controls	1,513 European ancestry cases, 66,236 European ancestry controls	19q13.33	19	49587942	NOSIP, PRR12, PRRG2, RCN3, RRAS, SCAF1	PRRG2			5639			rs56873913-T	rs56873913	0	56873913	intron_variant	0	0.766	5E-8	7.301029995663981		1.071	[1.045-1.098]	Affymetrix, Illumina [9005918] (imputed)	N	schizophrenia	http://www.ebi.ac.uk/efo/EFO_0000692	GCST002539	Genome-wide genotyping array
2015-04-16	25056061	Ripke S	2014-07-22	Nature	www.ncbi.nlm.nih.gov/pubmed/25056061	Biological insights from 108 schizophrenia-associated genetic loci.	Schizophrenia	32,405 European ancestry cases, 42,221 European ancestry controls, 1,235 European ancestry cases and 1,235 European ancestry controls from 1235 parent-offspring trios, 1,836 East Asian ancestry cases, 3,383 East Asian ancestry controls	1,513 European ancestry cases, 66,236 European ancestry controls	20q11.23	20	38824551	ACTR5, PPP1R16B, SLC32A1	PPP1R16B			26051			rs6065094-G	rs6065094	0	6065094	intron_variant	0	0.678	1E-11	11.0		1.0775862	[1.05-1.1]	Affymetrix, Illumina [9005918] (imputed)	N	schizophrenia	http://www.ebi.ac.uk/efo/EFO_0000692	GCST002539	Genome-wide genotyping array
2015-04-16	25056061	Ripke S	2014-07-22	Nature	www.ncbi.nlm.nih.gov/pubmed/25056061	Biological insights from 108 schizophrenia-associated genetic loci.	Schizophrenia	32,405 European ancestry cases, 42,221 European ancestry controls, 1,235 European ancestry cases and 1,235 European ancestry controls from 1235 parent-offspring trios, 1,836 East Asian ancestry cases, 3,383 East Asian ancestry controls	1,513 European ancestry cases, 66,236 European ancestry controls	20q13.13	20	49514499	KCNB1, PTGIS	PTGIS			5740			rs7267348-C	rs7267348	0	7267348	intron_variant	0	0.246	5E-8	7.301029995663981		1.0672358	[1.04-1.09]	Affymetrix, Illumina [9005918] (imputed)	N	schizophrenia	http://www.ebi.ac.uk/efo/EFO_0000692	GCST002539	Genome-wide genotyping array
2015-04-16	25056061	Ripke S	2014-07-22	Nature	www.ncbi.nlm.nih.gov/pubmed/25056061	Biological insights from 108 schizophrenia-associated genetic loci.	Schizophrenia	32,405 European ancestry cases, 42,221 European ancestry controls, 1,235 European ancestry cases and 1,235 European ancestry controls from 1235 parent-offspring trios, 1,836 East Asian ancestry cases, 3,383 East Asian ancestry controls	1,513 European ancestry cases, 66,236 European ancestry controls	22q13.2	22	41191552	CHADL, EP300, L3MBTL2, RANGAP1	EP300-AS1			101927279			rs9607782-A	rs9607782	0	9607782	intron_variant	0	0.232	2E-11	10.698970004336019		1.087	[1.060-1.113]	Affymetrix, Illumina [9005918] (imputed)	N	schizophrenia	http://www.ebi.ac.uk/efo/EFO_0000692	GCST002539	Genome-wide genotyping array
2015-04-16	25056061	Ripke S	2014-07-22	Nature	www.ncbi.nlm.nih.gov/pubmed/25056061	Biological insights from 108 schizophrenia-associated genetic loci.	Schizophrenia	32,405 European ancestry cases, 42,221 European ancestry controls, 1,235 European ancestry cases and 1,235 European ancestry controls from 1235 parent-offspring trios, 1,836 East Asian ancestry cases, 3,383 East Asian ancestry controls	1,513 European ancestry cases, 66,236 European ancestry controls	22q13.2	22	42207808	CENPM, CYP2D6, FAM109B, NAGA, NDUFA6, SEPT3, SHISA8, SMDT1, SREBF2, TCF20, TNFRSF13C, WBP2NL	TCF20			6942			rs6002655-T	rs6002655	0	6002655	intron_variant	0	0.443	2E-9	8.698970004336019		1.066	[1.044-1.088]	Affymetrix, Illumina [9005918] (imputed)	N	schizophrenia	http://www.ebi.ac.uk/efo/EFO_0000692	GCST002539	Genome-wide genotyping array
2015-04-16	25056061	Ripke S	2014-07-22	Nature	www.ncbi.nlm.nih.gov/pubmed/25056061	Biological insights from 108 schizophrenia-associated genetic loci.	Schizophrenia	32,405 European ancestry cases, 42,221 European ancestry controls, 1,235 European ancestry cases and 1,235 European ancestry controls from 1235 parent-offspring trios, 1,836 East Asian ancestry cases, 3,383 East Asian ancestry controls	1,513 European ancestry cases, 66,236 European ancestry controls	Xp22.31	X	6111492	NLGN4X	NLGN4X			57502			rs12845396-T	rs12845396	0	12845396	intron_variant	0	0.247	2E-8	7.698970004336019		1.0559661	[1.04-1.08]	Affymetrix, Illumina [9005918] (imputed)	N	schizophrenia	http://www.ebi.ac.uk/efo/EFO_0000692	GCST002539	Genome-wide genotyping array
2015-04-16	25056061	Ripke S	2014-07-22	Nature	www.ncbi.nlm.nih.gov/pubmed/25056061	Biological insights from 108 schizophrenia-associated genetic loci.	Schizophrenia	32,405 European ancestry cases, 42,221 European ancestry controls, 1,235 European ancestry cases and 1,235 European ancestry controls from 1235 parent-offspring trios, 1,836 East Asian ancestry cases, 3,383 East Asian ancestry controls	1,513 European ancestry cases, 66,236 European ancestry controls	Xp22.12	X	21362148	CNKSR2	LOC105373146			105373146			rs1378559-T	rs1378559	0	1378559	intron_variant	0	0.831	2E-12	11.698970004336019		1.09	[1.064-1.116]	Affymetrix, Illumina [9005918] (imputed)	N	schizophrenia	http://www.ebi.ac.uk/efo/EFO_0000692	GCST002539	Genome-wide genotyping array
2015-04-16	25056061	Ripke S	2014-07-22	Nature	www.ncbi.nlm.nih.gov/pubmed/25056061	Biological insights from 108 schizophrenia-associated genetic loci.	Schizophrenia	32,405 European ancestry cases, 42,221 European ancestry controls, 1,235 European ancestry cases and 1,235 European ancestry controls from 1235 parent-offspring trios, 1,836 East Asian ancestry cases, 3,383 East Asian ancestry controls	1,513 European ancestry cases, 66,236 European ancestry controls	Xq13.1	X	69157283	PJA1	LOC107985646 - PJA1	107985646	64219		20912	3455	rs5937157-G	rs5937157	0	5937157	downstream_gene_variant	1	0.241	2E-10	9.698970004336019		1.066098	[1.05-1.09]	Affymetrix, Illumina [9005918] (imputed)	N	schizophrenia	http://www.ebi.ac.uk/efo/EFO_0000692	GCST002539	Genome-wide genotyping array
2015-04-16	25056061	Ripke S	2014-07-22	Nature	www.ncbi.nlm.nih.gov/pubmed/25056061	Biological insights from 108 schizophrenia-associated genetic loci.	Schizophrenia	32,405 European ancestry cases, 42,221 European ancestry controls, 1,235 European ancestry cases and 1,235 European ancestry controls from 1235 parent-offspring trios, 1,836 East Asian ancestry cases, 3,383 East Asian ancestry controls	1,513 European ancestry cases, 66,236 European ancestry controls	7q31.1	7	110408836	IMMP2L	LOC105375451			105375451			rs211829-T	rs211829	0	211829	intergenic_variant	0	0.628	4E-8	7.3979400086720375		1.061	[1.039-1.083]	Affymetrix, Illumina [9005918] (imputed)	N	schizophrenia	http://www.ebi.ac.uk/efo/EFO_0000692	GCST002539	Genome-wide genotyping array
